id,collection,type,couleur,nom_fr,nom_en,prix_eur,blank_printful,categorie_site,slug,design_devant,design_derriere,titre_seo,meta_description
P01,AFTER MIDNIGHT,oversized-tee,Noir,T-shirt Oversize After Midnight,After Midnight Oversized Tee,44.90,Comfort Colors 1717 / Bella+Canvas 3001,apparel,after-midnight-oversized-tee,AM-F1,AM-B1,ViceHub X — After Midnight Oversized Tee | Synthwave Miami Neon,"T-shirt oversize noir coton lourd ViceHub X : wordmark chrome devant, coupé + coucher de soleil néon plein dos. Impression à la demande. Pièce hero synthwave."
P02,AFTER MIDNIGHT,hoodie,Noir,Hoodie Property Of The Night,Property Of The Night Hoodie,69.90,Gildan 18500 / Bella+Canvas 3719,apparel,property-of-the-night-hoodie,AM-F2,AM-B2,ViceHub X — Property Of The Night Hoodie | Synthwave Miami Neon,"Hoodie noir molleton épais ViceHub X : emblème rond palmier devant, skyline néon plein dos. Impression à la demande. Pièce premium synthwave."
P03,AFTER MIDNIGHT,tee,Noir,T-shirt Neon Never Sleeps,Neon Never Sleeps Tee,32.90,Bella+Canvas 3001,apparel,neon-never-sleeps-tee,AM-F3,AM-B3,ViceHub X — Neon Never Sleeps Tee | Synthwave Miami Neon,"T-shirt noir ViceHub X : slogan NEON NEVER SLEEPS devant, badge soleil haut de dos. Impression à la demande. Entrée de gamme synthwave."
P04,AFTER MIDNIGHT,oversized-tee,Noir délavé,T-shirt Cassette Static Paradise,Static Paradise Cassette Tee,39.90,Comfort Colors 1717 (washed black),apparel,static-paradise-cassette-tee,AM-F4,AM-B4,ViceHub X — Static Paradise Cassette Tee | Synthwave Miami Neon,"T-shirt oversize noir délavé ViceHub X : wordmark cassette devant, cassette néon + tracklist plein dos. Impression à la demande."
P05,AFTER MIDNIGHT,oversized-tee,Noir,T-shirt Midnight Flamingo,Midnight Flamingo Tee,39.90,Comfort Colors 1717 / Bella+Canvas 3001,apparel,midnight-flamingo-tee,AM-F5,AM-B5,ViceHub X — Midnight Flamingo Tee | Synthwave Miami Neon,"T-shirt oversize noir ViceHub X : badge flamant devant, flamant néon hero plein dos. Impression à la demande. Icône vaporwave."
P06,AFTER MIDNIGHT,tank,Noir,Débardeur Sunset Strip,Sunset Strip Tank,29.90,Bella+Canvas 3480,apparel,sunset-strip-tank,AM-F6,AM-B6,ViceHub X — Sunset Strip Tank | Synthwave Miami Neon,"Débardeur noir coton ViceHub X : wordmark vertical devant, palmier + cabriolet plein dos. Impression à la demande. Pièce d'été."
P07,AFTER MIDNIGHT,cap,Noir,Casquette Vice Outrun,Vice Outrun Cap,27.90,Casquette dad brodée (Yupoong 6245CM),apparel,vice-outrun-cap,AM-F7,,ViceHub X — Vice Outrun Cap | Synthwave Miami Neon Casquette,"Casquette dad noire brodée ViceHub X : soleil outrun + palmiers, broderie à plat. Collection AFTER MIDNIGHT, produite à la demande."
P08,AFTER MIDNIGHT,tote,Noir,Tote Bag Miami Nights,Miami Nights Tote,24.90,Tote bag coton noir,accessory,miami-nights-tote,AM-F8,,ViceHub X — Miami Nights Tote | Synthwave Miami Neon,"Tote bag coton noir ViceHub X : flamant néon MIAMI NIGHTS. Collection AFTER MIDNIGHT, impression à la demande. Accessoire mixte."
P09,GOLDEN HOUR,oversized-tee,noir,Tee Oversize Golden Hour,Golden Hour Oversized Tee,36.90,heavyweight boxy 240g noir DTG,apparel,golden-hour-oversized-tee,D01,D13,ViceHub X — Golden Hour | Synthwave Miami Neon Tee Oversize,"Tee oversize Golden Hour ViceHub X : coton lourd 240g noir, print néon Miami synthwave. Imprimé à la demande. Dernier score avant la nuit."
P10,GOLDEN HOUR,hoodie,noir,Hoodie Golden Hour,Golden Hour Hoodie,64.90,hoodie molleton epais noir DTG,apparel,golden-hour-hoodie,D07,D13,ViceHub X — Golden Hour | Synthwave Miami Neon Hoodie,"Hoodie Golden Hour ViceHub X : molleton épais noir, print néon chrome Miami synthwave. Imprimé à la demande. Heure dorée, dernier braquage."
P11,GOLDEN HOUR,tee,noir,Tee Outrun The Sunrise,Outrun The Sunrise Tee,34.90,tee coton 180g noir DTG,apparel,outrun-the-sunrise-tee,D02,D14,ViceHub X — Outrun The Sunrise | Synthwave Miami Neon Tee,"Tee Outrun The Sunrise ViceHub X : coton 180g noir, print néon Miami synthwave. Imprimé à la demande. Distance l'aube, roule vers la nuit."
P12,GOLDEN HOUR,zip-hoodie,noir,Zip Hoodie Golden Gun,Golden Gun Zip Hoodie,74.90,zip hoodie premium noir DTG,apparel,golden-gun-zip-hoodie,D09,D14,ViceHub X — Golden Gun | Synthwave Miami Neon Zip Hoodie,"Zip Hoodie Golden Gun ViceHub X : molleton lourd noir, pistolet doré chrome néon. Imprimé à la demande. La pièce premium du drop Golden Hour."
P13,GOLDEN HOUR,cap,noir,Casquette Dad Palm Sunset,Palm Sunset Dad Cap,29.90,dad cap noir broderie a plat,apparel,palm-sunset-dad-cap,D31,,ViceHub X — Palm Sunset | Synthwave Miami Neon Casquette,"Casquette Dad Palm Sunset ViceHub X : noir, palmier chrome brodé, néon Miami synthwave. Brodée à la demande. Esprit Golden Hour."
P14,GOLDEN HOUR,phone-case,noir,Coque Neon Grid,Neon Grid Case,26.90,coque tough all-over multi-modeles,accessory,neon-grid-case,D23,,ViceHub X — Neon Grid | Synthwave Miami Neon Coque,"Coque Neon Grid ViceHub X : tough all-over, grille néon Miami synthwave sur noir. Imprimée à la demande. Multi-modèles. Esprit Golden Hour."
P15,GOLDEN HOUR,sticker,or,Sticker Die-Cut Golden Pistol,Golden Pistol Die-Cut Sticker,4.90,vinyle brillant die-cut,accessory,golden-pistol-die-cut-sticker,D34,,ViceHub X — Golden Pistol | Synthwave Miami Neon Sticker,"Sticker die-cut Golden Pistol ViceHub X : vinyle brillant, pistolet doré chrome. Imprimé à la demande. Le détail collector Miami synthwave."
P16,GOLDEN HOUR,poster,noir,Poster Two Outlaws A2,Two Outlaws Poster A2,26.90,poster mat A2,poster,two-outlaws-poster-a2,D13,,ViceHub X — Two Outlaws | Synthwave Miami Neon Poster A2,"Poster Two Outlaws A2 ViceHub X : impression mate, duo d'outlaws néon Miami synthwave. Imprimé à la demande. Déco Golden Hour pour ton mur."
P17,TWO OF A KIND,oversized-tee,noir,Tee Oversize Two Of A Kind,Two Of A Kind Oversized Tee,36.90,heavyweight boxy 240g noir DTG,apparel,two-of-a-kind-oversized-tee,D10,D16,ViceHub X — Two Of A Kind | Synthwave Miami Neon Tee Oversize,"Tee oversize Two Of A Kind ViceHub X : coton 240g noir, néon casino-heist chrome. Imprimé à la demande. Une paire, un duo ride-or-die."
P18,TWO OF A KIND,hoodie,noir,Hoodie Ride Or Die,Ride Or Die Hoodie,62.90,hoodie molleton epais noir DTG,apparel,ride-or-die-hoodie,D06,D16,ViceHub X — Ride Or Die | Synthwave Miami Neon Hoodie,"Hoodie Ride Or Die ViceHub X : molleton épais noir, néon Miami synthwave chrome doré. Imprimé à la demande. Loyauté, casino, nuit néon."
P19,TWO OF A KIND,tee,noir,Tee Dead Man's Hand,Dead Man's Hand Tee,33.90,tee coton 180g noir DTG,apparel,dead-man-s-hand-tee,D03,D15,ViceHub X — Dead Man's Hand | Synthwave Miami Neon Tee,"Tee Dead Man's Hand ViceHub X : coton 180g noir, cartes as et huit néon chrome. Imprimé à la demande. La main maudite Miami synthwave."
P20,TWO OF A KIND,crewneck,noir,Sweat Col Rond High Stakes,High Stakes Crewneck,52.90,crewneck heavyweight noir DTG,apparel,high-stakes-crewneck,D10,D15,ViceHub X — High Stakes | Synthwave Miami Neon Sweat,"Sweat col rond High Stakes ViceHub X : crewneck 240g noir, néon casino-heist chrome. Imprimé à la demande. Pour ceux qui misent gros."
P21,TWO OF A KIND,beanie,noir,Bonnet Monogramme VHX,VHX Monogram Beanie,26.90,bonnet a revers broderie a plat,apparel,vhx-monogram-beanie,D30,,ViceHub X — VHX Monogramme | Synthwave Miami Neon Bonnet,"Bonnet monogramme VHX ViceHub X : noir à revers, broderie néon Miami synthwave. Brodé à la demande. L'accessoire insider Two Of A Kind."
P22,TWO OF A KIND,cap,noir,Snapback Wanted Star,Wanted Star Snapback,29.90,snapback noir broderie a plat,apparel,wanted-star-snapback,D32,,ViceHub X — Snapback Wanted Star | Synthwave Miami Neon Cap,"Snapback noire ViceHub X, étoile wanted brodée or chrome et néon Miami. Collection TWO OF A KIND, casino-braquage. Brodée à la demande."
P23,TWO OF A KIND,phone-case,noir,Coque Chrome Palms,Chrome Palms Case,26.90,coque tough all-over multi-modeles,accessory,chrome-palms-case,D25,,ViceHub X — Coque Chrome Palms | Synthwave Miami Neon Phone Case,"Coque tough noire ViceHub X à palmiers chrome et néon Miami. Collection TWO OF A KIND, all-over, imprimée à la demande. Nombreux modèles."
P24,TWO OF A KIND,mug,noir,Mug Vice Icons,Vice Icons Mug,17.90,mug ceramique 11oz wrap all-over,accessory,vice-icons-mug,D27,,ViceHub X — Mug Vice Icons | Synthwave Miami Neon Mug,"Mug céramique 11oz ViceHub X, icônes casino néon et or chrome. Collection TWO OF A KIND, all-over. Imprimé à la demande, vibe Miami."
P25,TWO OF A KIND,sticker,noir,Pack Stickers Neon Icons,Neon Icons Sticker Pack,9.90,pack 5 vinyles die-cut,accessory,neon-icons-sticker-pack,D33,,ViceHub X — Pack Stickers Neon Icons | Synthwave Miami Neon Stickers,"Pack 5 stickers vinyle die-cut ViceHub X, icônes casino néon. Collection TWO OF A KIND. Imprimés à la demande pour laptop, skate, gourde."
P26,TWO OF A KIND,poster,noir,Poster Royal Flush A2,Royal Flush Poster A2,24.90,poster mat A2,poster,royal-flush-poster-a2,D15,,ViceHub X — Poster Royal Flush A2 | Synthwave Miami Neon Poster,"Poster mat A2 ViceHub X, quinte flush royale néon et or chrome. Collection TWO OF A KIND, casino Miami. Imprimé à la demande, rendu premium."
P27,HIGH SCORE CITY,oversized-tee,noir,Tee Oversize High Score City,High Score City Oversized Tee,39.90,heavyweight boxy 240g noir DTG,apparel,high-score-city-oversized-tee,D04,D17,ViceHub X — Tee Oversize High Score City | Synthwave Miami Neon Oversized Tee,"Tee oversize heavyweight 240g noir ViceHub X, arcade néon recto-verso. HIGH SCORE CITY, imprimé DTG à la demande. Vibe Miami 80s."
P28,HIGH SCORE CITY,hoodie,noir,Hoodie Game Over Never,Game Over Never Hoodie,66.90,hoodie molleton epais noir DTG,apparel,game-over-never-hoodie,D11,D18,ViceHub X — Hoodie Game Over Never | Synthwave Miami Neon Hoodie,"Hoodie noir molleton épais ViceHub X, arcade néon Game Over Never. Collection HIGH SCORE CITY, imprimé DTG à la demande. Vibe Miami 80s."
P29,HIGH SCORE CITY,zip-hoodie,noir,Zip Hoodie Respawn,Respawn Zip Hoodie,74.90,zip hoodie premium noir DTG,apparel,respawn-zip-hoodie,D01,D18,ViceHub X — Zip Hoodie Respawn | Synthwave Miami Neon Zip Hoodie,"Sweat zippé premium noir ViceHub X, print Respawn arcade néon. Collection HIGH SCORE CITY, imprimé DTG à la demande. Vibe Miami 80s."
P30,HIGH SCORE CITY,crewneck,noir,Sweat Col Rond Insert Coin,Insert Coin Crewneck,56.90,crewneck heavyweight noir DTG,apparel,insert-coin-crewneck,D11,D17,ViceHub X — Sweat Col Rond Insert Coin | Synthwave Miami Neon Crewneck,"Sweat col rond heavyweight noir ViceHub X, arcade néon Insert Coin. Collection HIGH SCORE CITY, imprimé DTG à la demande. Vibe Miami 80s."
P31,HIGH SCORE CITY,tank,noir,Debardeur High Score Low Life,High Score Low Life Tank,29.90,debardeur coton noir DTG,apparel,high-score-low-life-tank,D04,,ViceHub X — Débardeur High Score Low Life | Synthwave Miami Neon Tank,"Débardeur coton noir ViceHub X, borne arcade néon High Score Low Life. Collection HIGH SCORE CITY, imprimé DTG à la demande. Vibe Miami 80s."
P32,HIGH SCORE CITY,phone-case,noir,Coque Arcade Grid,Arcade Grid Case,24.90,coque tough all-over multi-modeles,accessory,arcade-grid-case,D23,,ViceHub X — Coque Arcade Grid | Synthwave Miami Neon Phone Case,"Coque tough noire ViceHub X, grille néon et scanlines CRT. Collection HIGH SCORE CITY, all-over, imprimée à la demande. Nombreux modèles."
P33,HIGH SCORE CITY,mousepad,noir,Tapis de Bureau XL Neon Grid,Neon Grid Desk Mat XL,24.90,desk mat XL all-over bords cousus,accessory,neon-grid-desk-mat-xl,D23,,ViceHub X — Tapis de Bureau XL Neon Grid | Synthwave Miami Neon Desk Mat,"Desk mat XL noir ViceHub X, grille néon et scanlines CRT, bords cousus. Collection HIGH SCORE CITY, imprimé à la demande. Setup gaming Miami."
P34,HIGH SCORE CITY,mug,noir,Mug Leaderboard High Score,High Score Leaderboard Mug,15.90,mug ceramique 11oz wrap all-over,accessory,high-score-leaderboard-mug,D28,,ViceHub X — Mug Leaderboard High Score | Synthwave Miami Neon Mug,"Mug céramique 11oz ViceHub X, leaderboard néon et grille CRT. Collection HIGH SCORE CITY, all-over. Imprimé à la demande, vibe arcade Miami."
P35,HIGH SCORE CITY,sticker,noir,Sticker Die-Cut Neon Joystick,Neon Joystick Die-Cut Sticker,4.90,vinyle brillant die-cut,accessory,neon-joystick-die-cut-sticker,D35,,ViceHub X — Sticker Die-Cut Neon Joystick | Synthwave Miami Neon Sticker,"Sticker die-cut vinyle brillant Neon Joystick ViceHub X, collection HIGH SCORE CITY. Arcade Miami synthwave néon, imprimé à la demande. Press start."
P36,HIGH SCORE CITY,beanie,noir,Bonnet a Revers Respawn,Respawn Cuffed Beanie,26.90,bonnet a revers broderie a plat,apparel,respawn-cuffed-beanie,D30,,ViceHub X — Bonnet à Revers Respawn | Synthwave Miami Neon Beanie,"Bonnet à revers Respawn ViceHub X, broderie néon HIGH SCORE CITY. Arcade Miami synthwave, imprimé à la demande. Reviens dans la partie."
P37,GETAWAY SEASON,oversized-tee,noir,Tee Oversize Getaway Season,Getaway Season Oversized Tee,34.90,heavyweight boxy 240g noir DTG,apparel,getaway-season-oversized-tee,D05,D19,ViceHub X — Tee Oversize Getaway Season | Synthwave Miami Neon Oversized Tee,"Tee oversize Getaway Season ViceHub X, coupe boxy 240g. Grille outrun néon, imprimé DTG à la demande. L'esprit cavale Miami synthwave."
P38,GETAWAY SEASON,hoodie,noir,Hoodie Outrun,Outrun Hoodie,62.90,hoodie molleton epais noir DTG,apparel,outrun-hoodie,D12,D19,ViceHub X — Hoodie Outrun | Synthwave Miami Neon Hoodie,"Hoodie Outrun Getaway Season ViceHub X, molleton épais noir. Grille néon Miami synthwave, imprimé DTG à la demande. Prends la route."
P39,GETAWAY SEASON,tee,noir,Tee Chrome Boulevard,Chrome Boulevard Tee,33.90,tee coton 180g noir DTG,apparel,chrome-boulevard-tee,D05,D20,ViceHub X — Tee Chrome Boulevard | Synthwave Miami Neon Tee,"Tee Chrome Boulevard ViceHub X, coton 180g noir. Front cavale + dos boulevard néon, DTG à la demande. Miami synthwave outrun."
P40,GETAWAY SEASON,zip-hoodie,noir,Zip Hoodie Getaway,Getaway Zip Hoodie,72.90,zip hoodie premium noir DTG,apparel,getaway-zip-hoodie,D01,D20,ViceHub X — Zip Hoodie Getaway | Synthwave Miami Neon Zip Hoodie,"Zip hoodie Getaway premium ViceHub X, noir molleton. Grille outrun néon Miami synthwave, imprimé DTG à la demande. Zippe et disparais."
P41,GETAWAY SEASON,vest,noir,Gilet Puffer Getaway,Getaway Puffer Vest,74.90,gilet puffer noir broderie poitrine,apparel,getaway-puffer-vest,D30,,ViceHub X — Gilet Puffer Getaway | Synthwave Miami Neon Puffer Vest,"Gilet puffer Getaway ViceHub X, broderie poitrine néon. Cavale Miami synthwave, confection à la demande. Chaleur et vibe outrun."
P42,GETAWAY SEASON,crewneck,noir,Sweat Col Rond Cassette Coast,Cassette Coast Crewneck,52.90,crewneck heavyweight noir DTG,apparel,cassette-coast-crewneck,D12,D20,ViceHub X — Sweat Col Rond Cassette Coast | Synthwave Miami Neon Crewneck,"Sweat col rond Cassette Coast ViceHub X, heavyweight noir. Cassette du voyage néon, DTG à la demande. Road-trip Miami synthwave."
P43,GETAWAY SEASON,phone-case,noir,Coque Sunset Stripe,Sunset Stripe Case,26.90,coque tough all-over multi-modeles,accessory,sunset-stripe-case,D26,,ViceHub X — Coque Sunset Stripe | Synthwave Miami Neon Phone Case,"Coque Sunset Stripe ViceHub X, print all-over tough. Coucher de soleil néon Miami synthwave, à la demande, multi-modèles. Protège ta cavale."
P44,GETAWAY SEASON,cap,noir,Casquette Trucker Outrun,Outrun Trucker Cap,28.90,trucker mesh noir broderie a plat,apparel,outrun-trucker-cap,D31,,ViceHub X — Casquette Trucker Outrun | Synthwave Miami Neon Trucker Cap,"Casquette trucker Outrun ViceHub X, mesh noir broderie. Grille néon Miami synthwave, confection à la demande. Casquette road-trip."
P45,GETAWAY SEASON,tote,noir,Tote Vice Icons,Vice Icons Tote,24.90,tote coton noir print all-over,accessory,vice-icons-tote,D27,,ViceHub X — Tote Vice Icons | Synthwave Miami Neon Tote Bag,"Tote Vice Icons ViceHub X, coton noir print all-over. Icônes néon Miami synthwave, imprimé à la demande. Le sac de la cavale."
P46,GETAWAY SEASON,mug,noir,Mug Sunset Stripe,Sunset Stripe Mug,17.90,mug ceramique 11oz wrap all-over,accessory,sunset-stripe-mug,D26,,ViceHub X — Mug Sunset Stripe | Synthwave Miami Neon Mug,"Mug Sunset Stripe ViceHub X, céramique 11oz wrap all-over. Coucher de soleil néon Miami synthwave, à la demande. Ton café outrun."
P47,GETAWAY SEASON,poster,noir,Poster Chrome Boulevard A2,Chrome Boulevard Poster A2,26.90,poster mat A2,poster,chrome-boulevard-poster-a2,D20,,ViceHub X — Poster Chrome Boulevard A2 | Synthwave Miami Neon Poster,"Poster Chrome Boulevard A2 ViceHub X, impression mate. Boulevard néon Miami synthwave, imprimé à la demande. La cavale sur ton mur."
P48,GETAWAY SEASON,mousepad,noir,Tapis de Bureau Outrun Highway,Outrun Highway Desk Mat,24.90,desk mat XL all-over bords cousus,accessory,outrun-highway-desk-mat,D23,,ViceHub X — Outrun Highway | Synthwave Miami Neon Tapis de Bureau XL,"Tapis de bureau XL ViceHub X, grille outrun et bitume néon Miami. Collection GETAWAY SEASON, impression all-over bords cousus, fait pour toi."
P49,NEON NOIR,tee,noir,Tee Flamingo Noir,Flamingo Noir Tee,32.90,tee coton 180g noir DTG,apparel,flamingo-noir-tee,D08,D21,ViceHub X — Flamingo Noir | Synthwave Miami Neon Tee,"Tee noir coton 180g ViceHub X, flamant néon devant, skyline au dos. Collection NEON NOIR, impression DTG à la demande. Vibe Miami minuit."
P50,NEON NOIR,oversized-tee,noir,Tee Oversize Bay At Midnight,Bay At Midnight Oversized Tee,34.90,heavyweight boxy 240g noir DTG,apparel,bay-at-midnight-oversized-tee,D01,D22,ViceHub X — Bay At Midnight | Synthwave Miami Neon Tee Oversize,"Tee oversize heavyweight 240g ViceHub X, skyline et palmiers chrome néon. Collection NEON NOIR, impression DTG à la demande. Coupe boxy Miami."
P51,NEON NOIR,hoodie,noir,Hoodie Neon Skyline,Neon Skyline Hoodie,60.90,hoodie molleton epais noir DTG,apparel,neon-skyline-hoodie,D08,D22,ViceHub X — Neon Skyline | Synthwave Miami Neon Hoodie,"Hoodie noir molleton épais ViceHub X, flamant devant, skyline au dos. Collection NEON NOIR, impression DTG à la demande. Chaleur néon Miami."
P52,NEON NOIR,crewneck,noir,Sweat Col Rond Midnight,Midnight Crewneck,49.90,crewneck heavyweight noir DTG,apparel,midnight-crewneck,D01,D21,ViceHub X — Midnight | Synthwave Miami Neon Sweat Col Rond,"Sweat col rond heavyweight ViceHub X, skyline et scène Bay At Midnight. Collection NEON NOIR, impression DTG à la demande. Vibe néon minuit."
P53,NEON NOIR,tank,noir,Debardeur Flamingo Noir,Flamingo Noir Tank,27.90,debardeur coton noir DTG,apparel,flamingo-noir-tank,D08,,ViceHub X — Flamingo Noir | Synthwave Miami Neon Débardeur,"Débardeur noir coton ViceHub X, flamant néon sur noir profond. Collection NEON NOIR, impression DTG à la demande. Pièce d'été Miami synthwave."
P54,NEON NOIR,phone-case,noir,Coque Miami Skyline,Miami Skyline Case,26.90,coque tough all-over multi-modeles,accessory,miami-skyline-case,D24,,ViceHub X — Miami Skyline | Synthwave Miami Neon Coque,"Coque tough ViceHub X, skyline Miami minuit all-over, palmiers chrome. Collection NEON NOIR, impression à la demande, nombreux modèles néon."
P55,NEON NOIR,beanie,noir,Bonnet Brode Flamingo,Flamingo Embroidered Beanie,26.90,bonnet a revers broderie a plat,apparel,flamingo-embroidered-beanie,D29,,ViceHub X — Flamingo | Synthwave Miami Neon Bonnet Brodé,"Bonnet à revers noir ViceHub X, flamant néon brodé à plat. Collection NEON NOIR, produit à la demande. Accessoire tonal Miami synthwave."
P56,NEON NOIR,cap,noir,Casquette Dad Flamingo,Flamingo Dad Cap,28.90,dad cap noir broderie a plat,apparel,flamingo-dad-cap,D29,,ViceHub X — Flamingo | Synthwave Miami Neon Casquette Dad,"Casquette dad noire ViceHub X, flamant néon brodé à plat. Collection NEON NOIR, produite à la demande. Accessoire clean Miami synthwave."
P57,NEON NOIR,tote,noir,Tote Monogramme VHX,VHX Monogram Tote,24.90,tote coton noir broderie/print,accessory,vhx-monogram-tote,D30,,ViceHub X — Monogramme VHX | Synthwave Miami Neon Tote,"Tote bag noir coton ViceHub X, monogramme VHX néon tonal. Collection NEON NOIR, impression à la demande. Accessoire mixte Miami synthwave."
P58,NEON NOIR,mug,noir,Mug Skyline,Skyline Mug,17.90,mug ceramique 11oz wrap all-over,accessory,skyline-mug,D24,,ViceHub X — Skyline | Synthwave Miami Neon Mug,"Mug céramique 11oz ViceHub X, skyline Miami minuit all-over. Collection NEON NOIR, impression à la demande. Rituel café Miami synthwave."
P59,NEON NOIR,mousepad,noir,Tapis de Souris Miami Skyline,Miami Skyline Mousepad,22.90,mousepad standard all-over,accessory,miami-skyline-mousepad,D24,,ViceHub X — Miami Skyline | Synthwave Miami Neon Tapis de Souris,"Tapis de souris ViceHub X, skyline Miami minuit all-over néon. Collection NEON NOIR, impression à la demande. Setup gaming Miami synthwave."
P60,NEON NOIR,poster,noir,Poster Bay At Midnight A2,Bay At Midnight Poster A2,27.90,poster mat A2,poster,bay-at-midnight-poster-a2,D22,,ViceHub X — Bay At Midnight | Synthwave Miami Neon Poster A2,"Poster A2 mat ViceHub X, composition Bay At Midnight néon. Collection NEON NOIR, impression à la demande. Déco murale Miami synthwave."
